,mean_fit_time,std_fit_time,mean_score_time,std_score_time,param_classification__fit_prior,params,split0_test_score,split1_test_score,split2_test_score,split3_test_score,split4_test_score,mean_test_score,std_test_score,rank_test_score
0,0.0031931400299072266,0.001454816166132995,0.0016940116882324218,0.0010850803045685093,True,{'classification__fit_prior': True},0.58,0.6115568717931058,0.5783926218708828,0.6064234660725889,0.58,0.5912745919473155,0.014567341989624475,1
1,0.003065204620361328,0.0015008499252988476,0.0014423847198486329,0.0007971815378792472,False,{'classification__fit_prior': False},0.58,0.6115568717931058,0.5783926218708828,0.6064234660725889,0.58,0.5912745919473155,0.014567341989624475,1
