,mean_fit_time,std_fit_time,mean_score_time,std_score_time,param_classification__fit_prior,params,split0_test_score,split1_test_score,split2_test_score,split3_test_score,split4_test_score,mean_test_score,std_test_score,rank_test_score
0,0.0012695789337158203,0.00044041816767793294,0.0014652252197265626,0.0013769040296864109,True,{'classification__fit_prior': True},0.5651798809421102,0.5667522464698331,0.6307772312625946,0.5700396545824191,0.6164772727272727,0.5898452571968459,0.02799507305680129,1
1,0.0009684562683105469,5.4867362455911735e-06,0.0007393836975097656,5.304264190191278e-06,False,{'classification__fit_prior': False},0.5651798809421102,0.5667522464698331,0.6307772312625946,0.5700396545824191,0.6164772727272727,0.5898452571968459,0.02799507305680129,1
