,mean_fit_time,std_fit_time,mean_score_time,std_score_time,param_classification__fit_prior,params,split0_test_score,split1_test_score,split2_test_score,split3_test_score,split4_test_score,mean_test_score,std_test_score,rank_test_score
0,0.0010496616363525391,0.000413786927940037,0.0007533550262451172,1.7416897409005818e-05,True,{'classification__fit_prior': True},0.5833201805612551,0.5297007984557339,0.5440617722760142,0.5681681871271189,0.5514651433407384,0.5553432163521721,0.01869242856364905,1
1,0.0017235755920410156,0.0011287628476139681,0.001203441619873047,0.0006539329141033715,False,{'classification__fit_prior': False},0.5833201805612551,0.5297007984557339,0.5440617722760142,0.5681681871271189,0.5514651433407384,0.5553432163521721,0.01869242856364905,1
