,mean_fit_time,std_fit_time,mean_score_time,std_score_time,param_classification__fit_prior,params,split0_test_score,split1_test_score,split2_test_score,split3_test_score,split4_test_score,mean_test_score,std_test_score,rank_test_score
0,0.0015977382659912109,0.0008614131640562243,0.001744842529296875,0.0008280824244473423,True,{'classification__fit_prior': True},0.5686456400742115,0.61,0.585316830635777,0.5915715213960828,0.5767195767195767,0.5864507137651296,0.014098176628589039,1
1,0.0026028633117675783,0.00012963687903683047,0.0023057937622070314,9.069492889490327e-05,False,{'classification__fit_prior': False},0.5686456400742115,0.61,0.585316830635777,0.5915715213960828,0.5767195767195767,0.5864507137651296,0.014098176628589039,1
