,mean_fit_time,std_fit_time,mean_score_time,std_score_time,param_classification__fit_prior,params,split0_test_score,split1_test_score,split2_test_score,split3_test_score,split4_test_score,mean_test_score,std_test_score,rank_test_score
0,0.004379558563232422,0.0029441913496570087,0.001363515853881836,0.0008171554637662551,True,{'classification__fit_prior': True},0.5858856008972478,0.5599633302775231,0.6448748991121873,0.5865546218487395,0.6291787620563724,0.601291442838414,0.03111188512634936,1
1,0.002513742446899414,0.0013668538146299242,0.0011052131652832032,0.0005930215104664408,False,{'classification__fit_prior': False},0.5858856008972478,0.5599633302775231,0.6448748991121873,0.5865546218487395,0.6291787620563724,0.601291442838414,0.03111188512634936,1
