,mean_fit_time,std_fit_time,mean_score_time,std_score_time,param_classification__fit_prior,params,split0_test_score,split1_test_score,split2_test_score,split3_test_score,split4_test_score,mean_test_score,std_test_score,rank_test_score
0,0.002970457077026367,0.0013037801093526927,0.0012636661529541015,0.0006368395698533532,True,{'classification__fit_prior': True},0.638095238095238,0.565156794425087,0.5923530049510317,0.5496296296296297,0.6076178692943308,0.5905705072790635,0.03122307528899189,1
1,0.0060463428497314455,0.003842448978164174,0.0019976139068603516,0.0008774907700907768,False,{'classification__fit_prior': False},0.638095238095238,0.565156794425087,0.5923530049510317,0.5496296296296297,0.6076178692943308,0.5905705072790635,0.03122307528899189,1
